{
  "configVersion": 1,
  "timestamp": 1725892976080,
  "index": "/manutech/index.html",
  "assetGroups": [
    {
      "name": "Manutech",
      "installMode": "prefetch",
      "updateMode": "prefetch",
      "cacheQueryOptions": {
        "ignoreVary": true
      },
      "urls": [
        "/manutech/1120.48b4610a1a3906c8.js",
        "/manutech/1178.ac7b3eb6a9956ae2.js",
        "/manutech/1269.a144789cc6c3ec7e.js",
        "/manutech/1315.7fe5fa9219b74024.js",
        "/manutech/1372.4743fa319e5cf369.js",
        "/manutech/1396.0f14e67fc3f1cdb4.js",
        "/manutech/1745.1d0e2ead40f0c005.js",
        "/manutech/185.853320ed725163ea.js",
        "/manutech/2560.4fe211e565e1a23f.js",
        "/manutech/263.20d0ce3a5184d766.js",
        "/manutech/2813.906399d2f894e00b.js",
        "/manutech/2841.662496afe4235c7a.js",
        "/manutech/2975.c4027043d2c4af16.js",
        "/manutech/3150.55804c247297380e.js",
        "/manutech/3287.5f13c41e304537fc.js",
        "/manutech/3483.53cbb1da5acc4b91.js",
        "/manutech/3524.be55abd93189d954.js",
        "/manutech/3544.1162db74920658f0.js",
        "/manutech/3672.a511fc0bc690ed27.js",
        "/manutech/3734.319f048435c12102.js",
        "/manutech/3998.5b09ba81a1e3d5b5.js",
        "/manutech/4087.9c08c03765e5b4cf.js",
        "/manutech/4090.5b36fcf33771fbc7.js",
        "/manutech/433.cdc8ed08b80fa5ca.js",
        "/manutech/4458.32eed1b7d4c6d4cd.js",
        "/manutech/4530.b222022cceaa5af9.js",
        "/manutech/469.3abdda91e86e673d.js",
        "/manutech/4764.29d81fafe9206107.js",
        "/manutech/4995.6d9c6e46993262ca.js",
        "/manutech/505.486988e151de0dfa.js",
        "/manutech/5165.0bdf52f7f1099d85.js",
        "/manutech/5454.8d7d5baac3abc204.js",
        "/manutech/5675.d16b4a21a398de18.js",
        "/manutech/5860.7381571bd2e45f80.js",
        "/manutech/5962.626811a46d40874d.js",
        "/manutech/6304.a803c2b3de1b1619.js",
        "/manutech/6390.6eb2636df963ba57.js",
        "/manutech/6642.723ec3700ecc5aae.js",
        "/manutech/6673.fee57c33dfd603bd.js",
        "/manutech/6754.00b1a5ff4dfc7d5b.js",
        "/manutech/7059.e63d1b9bf3c21400.js",
        "/manutech/7219.7843937f5be5e62e.js",
        "/manutech/7324.0f1644d9afd4a541.js",
        "/manutech/7465.8725ae2d8e681986.js",
        "/manutech/7635.e32a821bbaf329c1.js",
        "/manutech/7666.417651dcfebca428.js",
        "/manutech/8058.92bc3c5df214f8f0.js",
        "/manutech/8268.d56b2d01d30db1ae.js",
        "/manutech/8382.2f4320d46239f2a4.js",
        "/manutech/8484.06a77f1145488f52.js",
        "/manutech/8577.2e6fceabf5a8dff5.js",
        "/manutech/8633.7ad81fdc5f2c1bcc.js",
        "/manutech/8811.4b7d6aee655c11a3.js",
        "/manutech/8866.d9dcaa657264c89a.js",
        "/manutech/9352.4ceb0d17907703d3.js",
        "/manutech/9588.e70ccd14f91834d0.js",
        "/manutech/9643.cc5aab513430f2a8.js",
        "/manutech/9793.b779751b21b0900c.js",
        "/manutech/9820.d5a15e4b1f1e048f.js",
        "/manutech/9857.57cfddea080a7e3b.js",
        "/manutech/9882.569f9a74e257526d.js",
        "/manutech/9992.8868945e8cb9fef2.js",
        "/manutech/common.eaa9ef512a886a34.js",
        "/manutech/index.html",
        "/manutech/main.e157371d4f0d052d.js",
        "/manutech/manifest.webmanifest",
        "/manutech/polyfills-core-js.93f56369317b7a8e.js",
        "/manutech/polyfills-dom.516ff539260f3e0d.js",
        "/manutech/polyfills.39618c63b542eb40.js",
        "/manutech/runtime.c50314d153ff7e70.js",
        "/manutech/styles.3f7b34d342113fd4.css"
      ],
      "patterns": []
    },
    {
      "name": "assets",
      "installMode": "lazy",
      "updateMode": "prefetch",
      "cacheQueryOptions": {
        "ignoreVary": true
      },
      "urls": [
        "/manutech/assets/icon/favicon.png",
        "/manutech/assets/icons/icon-128x128.png",
        "/manutech/assets/icons/icon-144x144.png",
        "/manutech/assets/icons/icon-192x192.png",
        "/manutech/assets/icons/icon-384x384.png",
        "/manutech/assets/icons/icon-512x512.png",
        "/manutech/assets/icons/icon-72x72.png",
        "/manutech/assets/icons/icon-96x96.png",
        "/manutech/assets/img/scanner-true.png",
        "/manutech/assets/img/scanner.png",
        "/manutech/assets/img/scanner.svg",
        "/manutech/assets/logo.jpeg",
        "/manutech/assets/shapes.svg",
        "/manutech/assets/wasm/index.d.ts",
        "/manutech/assets/wasm/index.js",
        "/manutech/assets/wasm/ngx-scanner-qrcode.wasm"
      ],
      "patterns": []
    }
  ],
  "dataGroups": [],
  "hashTable": {
    "/manutech/1120.48b4610a1a3906c8.js": "55f91154cda660d7eec186e31b6466227e5a2d0d",
    "/manutech/1178.ac7b3eb6a9956ae2.js": "09b205f0a16c81e60e5be59119325ca5b61913a3",
    "/manutech/1269.a144789cc6c3ec7e.js": "b2826c2cc31c48235199c200b6d4f2a8f4f09a8f",
    "/manutech/1315.7fe5fa9219b74024.js": "fda7e50279141dfcdb0a4d0def5dec66b5968936",
    "/manutech/1372.4743fa319e5cf369.js": "ba79e387068e16b1eea6eecdc2358980ca3d1c18",
    "/manutech/1396.0f14e67fc3f1cdb4.js": "890dc11294c19783d6b8004dace9ab7d2212188b",
    "/manutech/1745.1d0e2ead40f0c005.js": "3f954292df9e1382345874bcc35480ccb1fd965f",
    "/manutech/185.853320ed725163ea.js": "674dd799710be5fce4d7613b74218af504e1eb5b",
    "/manutech/2560.4fe211e565e1a23f.js": "2d36ea614576880faa35d8a0f762d7e6ba31114e",
    "/manutech/263.20d0ce3a5184d766.js": "e53d1a96a0fcd6e81eddff5f3a712671256cf7ed",
    "/manutech/2813.906399d2f894e00b.js": "702fae6710aa8d865d54398a4c40d4d4e0997728",
    "/manutech/2841.662496afe4235c7a.js": "1f7a65c4b666a4fe76bd29020cd7f7d02027afb6",
    "/manutech/2975.c4027043d2c4af16.js": "11bca0e538afb6998e7e632eededbda1acc1ed19",
    "/manutech/3150.55804c247297380e.js": "97df87fd3904e56aad7d684cc7ada8426e94e797",
    "/manutech/3287.5f13c41e304537fc.js": "ac9b0dbd83abf73399d25a0b29fdc9f6c56400e8",
    "/manutech/3483.53cbb1da5acc4b91.js": "56f5f56575536a03af3053e86d525cbb0c4b5114",
    "/manutech/3524.be55abd93189d954.js": "c91e6bbbede57b5c28753deb3d06e5cf9c9a8319",
    "/manutech/3544.1162db74920658f0.js": "f1ce347387f266ef57e41c508607064f25d43f5f",
    "/manutech/3672.a511fc0bc690ed27.js": "b673eaa286c2341c72b8f39c828c9c95290bfd8f",
    "/manutech/3734.319f048435c12102.js": "f5c3747c0c1a2591ed60390f4a2ecf5ea3881c4f",
    "/manutech/3998.5b09ba81a1e3d5b5.js": "fece956994aa971dcbdb97172547f81b889219b0",
    "/manutech/4087.9c08c03765e5b4cf.js": "b3064f7a886e3ac1a0432f9a8cbf57aa39f7c751",
    "/manutech/4090.5b36fcf33771fbc7.js": "edea9d5a253b859624e75c0612ee1dbed4a77b7d",
    "/manutech/433.cdc8ed08b80fa5ca.js": "c3207bf0beff7ca3bd2ef56ccb44cbc1fe8960b3",
    "/manutech/4458.32eed1b7d4c6d4cd.js": "3e761421673ac927d512ae6748f855f2254bd4b8",
    "/manutech/4530.b222022cceaa5af9.js": "70f6134d803e7dfa38c61d45ba00350d51ab76aa",
    "/manutech/469.3abdda91e86e673d.js": "a17983fb18fb56cec84516123bcc47431764e54a",
    "/manutech/4764.29d81fafe9206107.js": "bd56002f6573b0a43910d5e56ea501a19ceb5603",
    "/manutech/4995.6d9c6e46993262ca.js": "74fa00242efe3a1bfbcd0db5010dbe02b9944c36",
    "/manutech/505.486988e151de0dfa.js": "2fd8f5a357bba98f3b30a6c209a1e1e8e7ba4b72",
    "/manutech/5165.0bdf52f7f1099d85.js": "c96e950d0c12c34526388054509eddb46788563e",
    "/manutech/5454.8d7d5baac3abc204.js": "0fdc53b567930400a284d4cb9adfff9bb89618fa",
    "/manutech/5675.d16b4a21a398de18.js": "20034e5fae0b26996825c06deecaf834327e01bf",
    "/manutech/5860.7381571bd2e45f80.js": "1e3d971db56397fc88e404477618e22449294f57",
    "/manutech/5962.626811a46d40874d.js": "59879cf09e156850afc68cbc5fb1837521cd3177",
    "/manutech/6304.a803c2b3de1b1619.js": "7727417a6be2a97fee0f434dd4b6605206ba7d13",
    "/manutech/6390.6eb2636df963ba57.js": "8089250b7ee5680c5f298d97215493c9cb310d90",
    "/manutech/6642.723ec3700ecc5aae.js": "5c1726a61adee76c44f0c67ae8c52e4635355b44",
    "/manutech/6673.fee57c33dfd603bd.js": "edc22bd3928ee00b7e668ed37488960fab904b77",
    "/manutech/6754.00b1a5ff4dfc7d5b.js": "7c117b90c0c76f1c562665c23b8b268a6f7666bd",
    "/manutech/7059.e63d1b9bf3c21400.js": "aaddb21ddf731392ac4aaf15717b59cb106afb68",
    "/manutech/7219.7843937f5be5e62e.js": "a2ca7a785ade9bcd3285c3e9322d72ef983391d7",
    "/manutech/7324.0f1644d9afd4a541.js": "75d01684f2229d96af5df9d5ae897cdabeb0b0da",
    "/manutech/7465.8725ae2d8e681986.js": "f6879fa16a090ed0e27cfef35f89f386e69b107e",
    "/manutech/7635.e32a821bbaf329c1.js": "909a1daad64682ab71176e3f8e6cace7a4e97272",
    "/manutech/7666.417651dcfebca428.js": "0e142a1751000babd188b498bb9446c32e81ca21",
    "/manutech/8058.92bc3c5df214f8f0.js": "fe42050e676084466c8c16238094583134c97bec",
    "/manutech/8268.d56b2d01d30db1ae.js": "aae25aa7b4dfc55885c1530ab1f26add74015e03",
    "/manutech/8382.2f4320d46239f2a4.js": "9790e2933b3abfda852d585536d5fa85ce9016f6",
    "/manutech/8484.06a77f1145488f52.js": "09e3ddffe9d00f26c71e56615221b814c93f8134",
    "/manutech/8577.2e6fceabf5a8dff5.js": "1b874e7ccc7fc0e1580b8c4ba8f0b2f2f56f9664",
    "/manutech/8633.7ad81fdc5f2c1bcc.js": "efcb7ee45ca303e5581f0459b751f5fd21d15e40",
    "/manutech/8811.4b7d6aee655c11a3.js": "36a9c8ea2826a9c55651562b54acad91229c93dd",
    "/manutech/8866.d9dcaa657264c89a.js": "8ecf17d1ca06fb248320a89b7ec8563196c33d64",
    "/manutech/9352.4ceb0d17907703d3.js": "bb8e80b75c7455a05b712e1ac2675b836618ac73",
    "/manutech/9588.e70ccd14f91834d0.js": "1d74b316607ad2b280fdbb374507a1b1149f2f35",
    "/manutech/9643.cc5aab513430f2a8.js": "6c16c9b36f2a9c52e32cab18ce95021ce3fca1bd",
    "/manutech/9793.b779751b21b0900c.js": "c190bfd04193fb9dd8e3573a7e40ce15e4b9cf03",
    "/manutech/9820.d5a15e4b1f1e048f.js": "adc1195ed2edfb1d0c03e8a2ef4e52ad72d8232d",
    "/manutech/9857.57cfddea080a7e3b.js": "c22915d7a109a8367e8f7e401b02044ee12e9fd8",
    "/manutech/9882.569f9a74e257526d.js": "97936a1de373cd34b1a9661d5b80ef3b8ec4450c",
    "/manutech/9992.8868945e8cb9fef2.js": "53ada72d8cc0c3126dd070950d07ac6eea0fe9e2",
    "/manutech/assets/icon/favicon.png": "5130298891ab066f651140d2d268d30cac853a0f",
    "/manutech/assets/icons/icon-128x128.png": "5130298891ab066f651140d2d268d30cac853a0f",
    "/manutech/assets/icons/icon-144x144.png": "5130298891ab066f651140d2d268d30cac853a0f",
    "/manutech/assets/icons/icon-192x192.png": "5130298891ab066f651140d2d268d30cac853a0f",
    "/manutech/assets/icons/icon-384x384.png": "5130298891ab066f651140d2d268d30cac853a0f",
    "/manutech/assets/icons/icon-512x512.png": "5130298891ab066f651140d2d268d30cac853a0f",
    "/manutech/assets/icons/icon-72x72.png": "5130298891ab066f651140d2d268d30cac853a0f",
    "/manutech/assets/icons/icon-96x96.png": "5130298891ab066f651140d2d268d30cac853a0f",
    "/manutech/assets/img/scanner-true.png": "71eb4f0a8d4adb1bce03335519f9a16e28cb3182",
    "/manutech/assets/img/scanner.png": "ba79a639688de975b163cbebaa08fc328b64bc1f",
    "/manutech/assets/img/scanner.svg": "b198cefb10c54a2a412b2984a861cd9c1d844d2b",
    "/manutech/assets/logo.jpeg": "1951f19baa8858cd8de43d77b9affcda1dd17826",
    "/manutech/assets/shapes.svg": "5413e95adabcb2cb639970051f55e0ddb64ace53",
    "/manutech/assets/wasm/index.d.ts": "7822350cfcc08648206c0771406e064e1d9d88e9",
    "/manutech/assets/wasm/index.js": "0e6b04b45380ce88f34a82122f23f2382ece7ea0",
    "/manutech/assets/wasm/ngx-scanner-qrcode.wasm": "62ae0d201db6c5ee5c5ff5071d1a5a5f99a8e4fc",
    "/manutech/common.eaa9ef512a886a34.js": "9f2f66b9bb2f052c01c30e80ff2695913e915a73",
    "/manutech/index.html": "04c92139652da3ee68616c3e2aed737a3518d9e8",
    "/manutech/main.e157371d4f0d052d.js": "77cd0ed06cf910ef988b728451b7cb26292da3d7",
    "/manutech/manifest.webmanifest": "4057667cf231daeea636fdaf3a54e702eb9f97df",
    "/manutech/polyfills-core-js.93f56369317b7a8e.js": "c8e9e4ae48fec22ae530c491f407d01f349509a9",
    "/manutech/polyfills-dom.516ff539260f3e0d.js": "cea88d53dd7d9ae658909b54c7bf701b2c796086",
    "/manutech/polyfills.39618c63b542eb40.js": "2b14e512d7f6b80448ab840bd3c9eeedefa7950c",
    "/manutech/runtime.c50314d153ff7e70.js": "76e33f45a4cd13fe47fe7d2195e38de78917763a",
    "/manutech/styles.3f7b34d342113fd4.css": "bf2a4d6d27425ea19365b279a04fabd3a559af30"
  },
  "navigationUrls": [
    {
      "positive": true,
      "regex": "^\\/.*$"
    },
    {
      "positive": false,
      "regex": "^\\/(?:.+\\/)?[^/]*\\.[^/]*$"
    },
    {
      "positive": false,
      "regex": "^\\/(?:.+\\/)?[^/]*__[^/]*$"
    },
    {
      "positive": false,
      "regex": "^\\/(?:.+\\/)?[^/]*__[^/]*\\/.*$"
    }
  ],
  "navigationRequestStrategy": "performance"
}